<?xml version="1.0" encoding="UTF-8"?>
<root>
  <item name="com.yayandroid.locationmanager.base.LocationBaseActivity void onProcessTypeChanged(int) 0">
    <annotation name="android.support.annotation.IntDef">
      <val name="value" val="{com.yayandroid.locationmanager.constants.ProcessType.ASKING_PERMISSIONS, com.yayandroid.locationmanager.constants.ProcessType.GETTING_LOCATION_FROM_GOOGLE_PLAY_SERVICES, com.yayandroid.locationmanager.constants.ProcessType.GETTING_LOCATION_FROM_GPS_PROVIDER, com.yayandroid.locationmanager.constants.ProcessType.GETTING_LOCATION_FROM_NETWORK_PROVIDER, com.yayandroid.locationmanager.constants.ProcessType.GETTING_LOCATION_FROM_CUSTOM_PROVIDER}" />
    </annotation>
  </item>
  <item name="com.yayandroid.locationmanager.base.LocationBaseFragment void onProcessTypeChanged(int) 0">
    <annotation name="android.support.annotation.IntDef">
      <val name="value" val="{com.yayandroid.locationmanager.constants.ProcessType.ASKING_PERMISSIONS, com.yayandroid.locationmanager.constants.ProcessType.GETTING_LOCATION_FROM_GOOGLE_PLAY_SERVICES, com.yayandroid.locationmanager.constants.ProcessType.GETTING_LOCATION_FROM_GPS_PROVIDER, com.yayandroid.locationmanager.constants.ProcessType.GETTING_LOCATION_FROM_NETWORK_PROVIDER, com.yayandroid.locationmanager.constants.ProcessType.GETTING_LOCATION_FROM_CUSTOM_PROVIDER}" />
    </annotation>
  </item>
  <item name="com.yayandroid.locationmanager.base.LocationBaseService void onProcessTypeChanged(int) 0">
    <annotation name="android.support.annotation.IntDef">
      <val name="value" val="{com.yayandroid.locationmanager.constants.ProcessType.ASKING_PERMISSIONS, com.yayandroid.locationmanager.constants.ProcessType.GETTING_LOCATION_FROM_GOOGLE_PLAY_SERVICES, com.yayandroid.locationmanager.constants.ProcessType.GETTING_LOCATION_FROM_GPS_PROVIDER, com.yayandroid.locationmanager.constants.ProcessType.GETTING_LOCATION_FROM_NETWORK_PROVIDER, com.yayandroid.locationmanager.constants.ProcessType.GETTING_LOCATION_FROM_CUSTOM_PROVIDER}" />
    </annotation>
  </item>
  <item name="com.yayandroid.locationmanager.base.SimpleLocationListener void onProcessTypeChanged(int) 0">
    <annotation name="android.support.annotation.IntDef">
      <val name="value" val="{com.yayandroid.locationmanager.constants.ProcessType.ASKING_PERMISSIONS, com.yayandroid.locationmanager.constants.ProcessType.GETTING_LOCATION_FROM_GOOGLE_PLAY_SERVICES, com.yayandroid.locationmanager.constants.ProcessType.GETTING_LOCATION_FROM_GPS_PROVIDER, com.yayandroid.locationmanager.constants.ProcessType.GETTING_LOCATION_FROM_NETWORK_PROVIDER, com.yayandroid.locationmanager.constants.ProcessType.GETTING_LOCATION_FROM_CUSTOM_PROVIDER}" />
    </annotation>
  </item>
</root>

