<?xml version="1.0" encoding="UTF-8"?>
<root>
  <item name="com.yayandroid.locationmanager.constants.FailType">
    <annotation name="android.support.annotation.IntDef">
      <val name="value" val="{com.yayandroid.locationmanager.constants.FailType.UNKNOWN, com.yayandroid.locationmanager.constants.FailType.TIMEOUT, com.yayandroid.locationmanager.constants.FailType.PERMISSION_DENIED, com.yayandroid.locationmanager.constants.FailType.NETWORK_NOT_AVAILABLE, com.yayandroid.locationmanager.constants.FailType.GOOGLE_PLAY_SERVICES_NOT_AVAILABLE, com.yayandroid.locationmanager.constants.FailType.GOOGLE_PLAY_SERVICES_CONNECTION_FAIL, com.yayandroid.locationmanager.constants.FailType.GOOGLE_PLAY_SERVICES_SETTINGS_DIALOG, com.yayandroid.locationmanager.constants.FailType.GOOGLE_PLAY_SERVICES_SETTINGS_DENIED, com.yayandroid.locationmanager.constants.FailType.VIEW_DETACHED, com.yayandroid.locationmanager.constants.FailType.VIEW_NOT_REQUIRED_TYPE}" />
    </annotation>
  </item>
  <item name="com.yayandroid.locationmanager.constants.ProcessType">
    <annotation name="android.support.annotation.IntDef">
      <val name="value" val="{com.yayandroid.locationmanager.constants.ProcessType.ASKING_PERMISSIONS, com.yayandroid.locationmanager.constants.ProcessType.GETTING_LOCATION_FROM_GOOGLE_PLAY_SERVICES, com.yayandroid.locationmanager.constants.ProcessType.GETTING_LOCATION_FROM_GPS_PROVIDER, com.yayandroid.locationmanager.constants.ProcessType.GETTING_LOCATION_FROM_NETWORK_PROVIDER, com.yayandroid.locationmanager.constants.ProcessType.GETTING_LOCATION_FROM_CUSTOM_PROVIDER}" />
    </annotation>
  </item>
  <item name="com.yayandroid.locationmanager.constants.ProviderType">
    <annotation name="android.support.annotation.IntDef">
      <val name="value" val="{com.yayandroid.locationmanager.constants.ProviderType.NONE, com.yayandroid.locationmanager.constants.ProviderType.GOOGLE_PLAY_SERVICES, com.yayandroid.locationmanager.constants.ProviderType.GPS, com.yayandroid.locationmanager.constants.ProviderType.NETWORK, com.yayandroid.locationmanager.constants.ProviderType.DEFAULT_PROVIDERS}" />
    </annotation>
  </item>
</root>

