<?xml version="1.0" encoding="UTF-8"?>
<root>
  <item name="com.yayandroid.locationmanager.providers.locationprovider.DefaultLocationProvider void onLocationFailed(int) 0">
    <annotation name="android.support.annotation.IntDef">
      <val name="value" val="{com.yayandroid.locationmanager.constants.FailType.UNKNOWN, com.yayandroid.locationmanager.constants.FailType.TIMEOUT, com.yayandroid.locationmanager.constants.FailType.PERMISSION_DENIED, com.yayandroid.locationmanager.constants.FailType.NETWORK_NOT_AVAILABLE, com.yayandroid.locationmanager.constants.FailType.GOOGLE_PLAY_SERVICES_NOT_AVAILABLE, com.yayandroid.locationmanager.constants.FailType.GOOGLE_PLAY_SERVICES_CONNECTION_FAIL, com.yayandroid.locationmanager.constants.FailType.GOOGLE_PLAY_SERVICES_SETTINGS_DIALOG, com.yayandroid.locationmanager.constants.FailType.GOOGLE_PLAY_SERVICES_SETTINGS_DENIED, com.yayandroid.locationmanager.constants.FailType.VIEW_DETACHED, com.yayandroid.locationmanager.constants.FailType.VIEW_NOT_REQUIRED_TYPE}" />
    </annotation>
  </item>
  <item name="com.yayandroid.locationmanager.providers.locationprovider.GooglePlayServicesLocationProvider void failed(int) 0">
    <annotation name="android.support.annotation.IntDef">
      <val name="value" val="{com.yayandroid.locationmanager.constants.FailType.UNKNOWN, com.yayandroid.locationmanager.constants.FailType.TIMEOUT, com.yayandroid.locationmanager.constants.FailType.PERMISSION_DENIED, com.yayandroid.locationmanager.constants.FailType.NETWORK_NOT_AVAILABLE, com.yayandroid.locationmanager.constants.FailType.GOOGLE_PLAY_SERVICES_NOT_AVAILABLE, com.yayandroid.locationmanager.constants.FailType.GOOGLE_PLAY_SERVICES_CONNECTION_FAIL, com.yayandroid.locationmanager.constants.FailType.GOOGLE_PLAY_SERVICES_SETTINGS_DIALOG, com.yayandroid.locationmanager.constants.FailType.GOOGLE_PLAY_SERVICES_SETTINGS_DENIED, com.yayandroid.locationmanager.constants.FailType.VIEW_DETACHED, com.yayandroid.locationmanager.constants.FailType.VIEW_NOT_REQUIRED_TYPE}" />
    </annotation>
  </item>
  <item name="com.yayandroid.locationmanager.providers.locationprovider.GooglePlayServicesLocationProvider void settingsApiFail(int) 0">
    <annotation name="android.support.annotation.IntDef">
      <val name="value" val="{com.yayandroid.locationmanager.constants.FailType.UNKNOWN, com.yayandroid.locationmanager.constants.FailType.TIMEOUT, com.yayandroid.locationmanager.constants.FailType.PERMISSION_DENIED, com.yayandroid.locationmanager.constants.FailType.NETWORK_NOT_AVAILABLE, com.yayandroid.locationmanager.constants.FailType.GOOGLE_PLAY_SERVICES_NOT_AVAILABLE, com.yayandroid.locationmanager.constants.FailType.GOOGLE_PLAY_SERVICES_CONNECTION_FAIL, com.yayandroid.locationmanager.constants.FailType.GOOGLE_PLAY_SERVICES_SETTINGS_DIALOG, com.yayandroid.locationmanager.constants.FailType.GOOGLE_PLAY_SERVICES_SETTINGS_DENIED, com.yayandroid.locationmanager.constants.FailType.VIEW_DETACHED, com.yayandroid.locationmanager.constants.FailType.VIEW_NOT_REQUIRED_TYPE}" />
    </annotation>
  </item>
</root>

